{
  "step": 50000,
  "episodes": 25,
  "epsilon": 0.9505000000010746,
  "avg_reward_100": -286.68,
  "avg_loss": 0.0013737468980252743,
  "timestamp": "2025-11-17T20:35:23.985291"
}